Price,Adj Close,Close,High,Low,Open,Volume
Ticker,BITO,BITO,BITO,BITO,BITO,BITO
Date,,,,,,
2021-10-20,11.710474014282227,43.279998779296875,43.95000076293945,42.099998474121094,42.220001220703125,29871900
2021-10-21,11.047567367553711,40.83000183105469,42.790000915527344,40.40999984741211,42.650001525878906,20499700
2021-10-22,10.690404891967773,39.5099983215332,41.303001403808594,38.900001525878906,41.2599983215332,11914400
2021-10-25,10.979923248291016,40.58000183105469,41.308998107910156,40.529998779296875,40.90999984741211,7522900
2021-10-26,10.839221954345703,40.060001373291016,40.650001525878906,39.9900016784668,40.45000076293945,6142400
2021-10-27,10.298074722290039,38.060001373291016,38.345001220703125,37.5,38.06999969482422,6527000
2021-10-28,10.706643104553223,39.56999969482422,39.882999420166016,37.34000015258789,39.689998626708984,7176600
2021-10-29,10.92851448059082,40.38999938964844,40.720001220703125,39.345001220703125,39.439998626708984,7049000
2021-11-01,10.695816040039062,39.529998779296875,40.04999923706055,38.619998931884766,39.880001068115234,6042100
2021-11-02,11.08814811706543,40.97999954223633,41.41999816894531,40.56999969482422,40.75,6106400
2021-11-03,10.931218147277832,40.400001525878906,40.7599983215332,39.11000061035156,40.16999816894531,5160000
2021-11-04,10.633588790893555,39.29999923706055,40.20000076293945,38.959999084472656,39.82500076293945,4282300
2021-11-05,10.622759819030762,39.2599983215332,39.849998474121094,39.02000045776367,39.61000061035156,3022000
2021-11-08,11.515661239624023,42.560001373291016,42.91999816894531,41.970001220703125,42.150001525878906,8171800
2021-11-09,11.721298217773438,43.31999969482422,43.849998474121094,42.54999923706055,43.689998626708984,7763000
2021-11-10,11.448015213012695,42.310001373291016,44.290000915527344,41.84000015258789,43.91999816894531,9954400
2021-11-11,11.26131820678711,41.619998931884766,42.1349983215332,41.45000076293945,41.56999969482422,3247200
2021-11-12,11.126028060913086,41.119998931884766,41.290000915527344,39.95000076293945,40.880001068115234,7672600
2021-11-15,11.063801765441895,40.88999938964844,41.86000061035156,40.72999954223633,41.790000915527344,6204300
2021-11-16,10.3413667678833,38.220001220703125,39.36000061035156,37.90999984741211,38.91999816894531,8119300
2021-11-17,10.468533515930176,38.689998626708984,38.88999938964844,38.0260009765625,38.63999938964844,7245800
2021-11-18,10.041028022766113,37.11000061035156,38.0,36.2599983215332,37.810001373291016,11930400
2021-11-19,10.013967514038086,37.0099983215332,37.38999938964844,36.90999984741211,37.0,6827900
2021-11-22,9.65681266784668,35.689998626708984,37.470001220703125,35.61000061035156,37.345001220703125,10940500
2021-11-23,10.013967514038086,37.0099983215332,37.04999923706055,36.209999084472656,36.47999954223633,6421000
2021-11-24,9.927385330200195,36.689998626708984,36.70000076293945,35.720001220703125,35.83000183105469,5460200
2021-11-26,9.31859302520752,34.439998626708984,34.880001068115234,34.31999969482422,34.79999923706055,5211600
2021-11-29,10.030203819274902,37.06999969482422,37.58700180053711,36.209999084472656,36.5,6690000
2021-11-30,9.900328636169434,36.59000015258789,37.849998474121094,35.97999954223633,37.26100158691406,6746800
2021-12-01,9.762335777282715,36.08000183105469,37.720001220703125,36.02000045776367,37.34000015258789,6683000
2021-12-02,9.819157600402832,36.290000915527344,36.58000183105469,35.61000061035156,35.970001220703125,4670600
2021-12-03,9.16977596282959,33.88999938964844,36.119998931884766,32.689998626708984,36.060001373291016,14049100
2021-12-06,8.40134334564209,31.049999237060547,31.43000030517578,30.34000015258789,30.709999084472656,8017300
2021-12-07,8.693567276000977,32.130001068115234,33.08000183105469,31.920000076293945,32.439998626708984,5064600
2021-12-08,8.726033210754395,32.25,32.54999923706055,31.665000915527344,31.950000762939453,6224900
2021-12-09,8.174060821533203,30.209999084472656,31.190000534057617,30.0,31.15999984741211,7156600
2021-12-10,8.320171356201172,30.75,31.579999923706055,30.010000228881836,31.469999313354492,8618700
2021-12-13,7.998185157775879,29.559999465942383,30.43000030517578,28.969999313354492,30.350000381469727,9171400
2021-12-14,8.20382308959961,30.31999969482422,30.3700008392334,29.43199920654297,29.739999771118164,7042600
2021-12-15,8.455456733703613,31.25,31.420000076293945,29.510000228881836,30.239999771118164,9616800
2021-12-16,8.214648246765137,30.360000610351562,31.020000457763672,30.1299991607666,30.889999389648438,5015400
2021-12-17,7.925134181976318,29.290000915527344,30.020000457763672,28.780000686645508,29.530000686645508,6895200
2021-12-20,8.05771541595459,29.780000686645508,29.940000534057617,28.829999923706055,28.979999542236328,4705400
2021-12-21,8.344524383544922,30.84000015258789,31.020000457763672,30.621999740600586,30.850000381469727,3273900
2021-12-22,8.412166595458984,31.09000015258789,31.225000381469727,30.729999542236328,30.90999984741211,3629600
2021-12-23,8.750388145446777,32.34000015258789,32.59000015258789,30.719999313354492,30.780000686645508,5727700
2021-12-27,8.782855033874512,32.459999084472656,33.040000915527344,32.27000045776367,32.4900016784668,4773700
2021-12-28,8.182180404663086,30.239999771118164,31.15999984741211,29.93899917602539,31.059999465942383,7170700
2021-12-29,8.08747673034668,29.889999389648438,30.40999984741211,29.709999084472656,29.989999771118164,4398600
2021-12-30,8.065832138061523,29.809999465942383,30.28499984741211,29.739999771118164,29.829999923706055,4659800
2021-12-31,7.81960916519165,28.899999618530273,30.469999313354492,28.850000381469727,30.360000610351562,5522200
2022-01-03,7.833135604858398,28.950000762939453,29.8700008392334,28.81999969482422,29.75,5205600
2022-01-04,7.906193256378174,29.219999313354492,30.06999969482422,28.700000762939453,29.670000076293945,6253900
2022-01-05,7.4786834716796875,27.639999389648438,29.56999969482422,27.513999938964844,29.260000228881836,10718700
2022-01-06,7.381278991699219,27.280000686645508,27.479999542236328,26.799999237060547,27.0,6675300
2022-01-07,7.145877361297607,26.40999984741211,26.600000381469727,25.549999237060547,26.3799991607666,9618100
2022-01-10,7.118821620941162,26.309999465942383,26.530000686645508,24.8799991607666,25.079999923706055,12742500
2022-01-11,7.308219909667969,27.010000228881836,27.219999313354492,25.989999771118164,26.09000015258789,8372200
2022-01-12,7.473273277282715,27.6200008392334,27.764999389648438,27.31999969482422,27.65999984741211,6993300
2022-01-13,7.294694423675537,26.959999084472656,28.020000457763672,26.639999389648438,27.920000076293945,6406900
2022-01-14,7.35151481628418,27.170000076293945,27.3799991607666,26.540000915527344,26.649999618530273,7138100
2022-01-18,7.110702991485596,26.280000686645508,26.360000610351562,25.969999313354492,26.139999389648438,5490100
2022-01-19,7.0890583992004395,26.200000762939453,26.860000610351562,26.1200008392334,26.59000015258789,5608600
2022-01-20,7.278458595275879,26.899999618530273,27.43000030517578,26.719999313354492,26.739999771118164,8127200
2022-01-21,6.520850658416748,24.100000381469727,24.584999084472656,23.639999389648438,24.280000686645508,14546700
2022-01-24,6.353095054626465,23.479999542236328,23.65999984741211,20.902000427246094,21.170000076293945,19580500
2022-01-25,6.282744884490967,23.219999313354492,23.670000076293945,22.649999618530273,23.100000381469727,14666800
2022-01-26,6.290860652923584,23.25,24.479999542236328,23.079999923706055,24.209999084472656,16864700
2022-01-27,6.036520957946777,22.309999465942383,23.420000076293945,22.309999465942383,23.219999313354492,10216500
2022-01-28,6.43156099319458,23.770000457763672,23.81999969482422,23.0049991607666,23.329999923706055,8518700
2022-01-31,6.53708553314209,24.15999984741211,24.389999389648438,23.389999389648438,23.479999542236328,5328500
2022-02-01,6.547906398773193,24.200000762939453,24.704999923706055,24.0,24.479999542236328,5361600
2022-02-02,6.380151271820068,23.579999923706055,24.1299991607666,23.260000228881836,24.1200008392334,4222400
2022-02-03,6.179925441741943,22.84000015258789,23.325000762939453,22.770000457763672,22.959999084472656,3561700
2022-02-04,6.915889263153076,25.559999465942383,25.739999771118164,23.579999923706055,23.760000228881836,13078400
2022-02-07,7.530093193054199,27.829999923706055,28.049999237060547,26.889999389648438,27.010000228881836,10917000
2022-02-08,7.554444313049316,27.920000076293945,27.920000076293945,26.8799991607666,27.440000534057617,4576000
2022-02-09,7.6383233070373535,28.229999542236328,28.229999542236328,27.5,27.760000228881836,3774400
2022-02-10,7.5057454109191895,27.739999771118164,28.84000015258789,27.3799991607666,27.3799991607666,11501800
2022-02-11,7.210814476013184,26.649999618530273,27.66699981689453,26.43000030517578,27.420000076293945,10060500
2022-02-14,7.178347110748291,26.530000686645508,26.969999313354492,26.280000686645508,26.860000610351562,5875500
2022-02-15,7.521976947784424,27.799999237060547,28.040000915527344,27.579999923706055,27.8799991607666,3897500
2022-02-16,7.511153221130371,27.760000228881836,27.93000030517578,27.239999771118164,27.459999084472656,4197600
2022-02-17,6.953771114349365,25.700000762939453,26.579999923706055,25.639999389648438,26.469999313354492,7666000
2022-02-18,6.794130325317383,25.110000610351562,25.6299991607666,24.790000915527344,25.3700008392334,9924100
2022-02-22,6.436971664428711,23.790000915527344,24.079999923706055,23.469999313354492,23.549999237060547,6807300
2022-02-23,6.388269901275635,23.610000610351562,24.5049991607666,23.424999237060547,24.43000030517578,8870500
2022-02-24,6.510026454925537,24.059999465942383,24.940000534057617,22.079999923706055,22.13599967956543,16154000
2022-02-25,6.6371965408325195,24.530000686645508,24.858999252319336,24.170000076293945,24.65999984741211,7294900
2022-02-28,7.137758731842041,26.3799991607666,26.3799991607666,24.479999542236328,24.489999771118164,13625700
2022-03-01,7.516564846038818,27.780000686645508,28.020000457763672,27.149999618530273,27.961999893188477,11998800
2022-03-02,7.462450981140137,27.579999923706055,28.520000457763672,27.299999237060547,27.549999237060547,7551100
2022-03-03,7.145877361297607,26.40999984741211,27.639999389648438,26.260000228881836,27.559999465942383,11761100
2022-03-04,6.704840660095215,24.780000686645508,26.06999969482422,24.510000228881836,25.959999084472656,8665200
2022-03-07,6.374739646911621,23.559999465942383,24.799999237060547,23.31999969482422,24.56999969482422,9189100
2022-03-08,6.534379482269287,24.149999618530273,24.719999313354492,23.93000030517578,24.299999237060547,7486100
2022-03-09,7.121525764465332,26.31999969482422,26.790000915527344,26.219999313354492,26.479999542236328,7202600
2022-03-10,6.72648811340332,24.860000610351562,24.950000762939453,24.350000381469727,24.530000686645508,4262700
2022-03-11,6.499205589294434,24.020000457763672,24.8700008392334,23.979999542236328,24.799999237060547,4508100
2022-03-14,6.580376148223877,24.31999969482422,24.59000015258789,24.09000015258789,24.31999969482422,3494200
2022-03-15,6.750838279724121,24.950000762939453,25.010000228881836,24.139999389648438,24.350000381469727,5141500
2022-03-16,6.942947864532471,25.65999984741211,25.8700008392334,24.65999984741211,25.360000610351562,7204500
2022-03-17,6.940242767333984,25.649999618530273,25.860000610351562,25.469999313354492,25.700000762939453,2516200
2022-03-18,7.151289939880371,26.43000030517578,26.440000534057617,25.290000915527344,25.399999618530273,5578200
2022-03-21,6.994356155395508,25.850000381469727,26.079999923706055,25.530000686645508,25.969999313354492,4770000
2022-03-22,7.191876411437988,26.579999923706055,27.18000030517578,26.540000915527344,26.93000030517578,5701900
2022-03-23,7.170230388641357,26.5,26.8700008392334,26.309999465942383,26.540000915527344,5161100
2022-03-24,7.47597599029541,27.6299991607666,27.850000381469727,26.770000457763672,26.90999984741211,7568000
2022-03-25,7.5598578453063965,27.940000534057617,28.386999130249023,27.6299991607666,28.20800018310547,9335800
2022-03-28,8.152414321899414,30.1299991607666,30.295000076293945,29.704999923706055,29.799999237060547,6759100
2022-03-29,8.11182975769043,29.979999542236328,30.21500015258789,29.610000610351562,30.040000915527344,5306600
2022-03-30,7.9819560050964355,29.5,30.0,29.364999771118164,29.610000610351562,4069100
2022-03-31,7.727612495422363,28.559999465942383,29.649999618530273,28.530000686645508,29.649999618530273,5067200
2022-04-01,7.876428604125977,29.110000610351562,29.327999114990234,28.360000610351562,28.440000534057617,7977300
2022-04-04,7.787137508392334,28.780000686645508,29.049999237060547,28.239999771118164,28.841999053955078,3693200
2022-04-05,7.803374767303467,28.84000015258789,29.200000762939453,28.454999923706055,29.1299991607666,4097500
2022-04-06,7.397511005401611,27.34000015258789,28.135000228881836,26.950000762939453,28.110000610351562,7099400
2022-04-07,7.324457168579102,27.06999969482422,27.399999618530273,26.889999389648438,27.1200008392334,4540100
2022-04-08,7.218932628631592,26.68000030517578,27.540000915527344,26.5,26.770000457763672,5543400
2022-04-11,6.740015506744385,24.90999984741211,25.7549991607666,24.829999923706055,25.56999969482422,4800700
2022-04-12,6.626373767852783,24.489999771118164,25.322999954223633,24.479999542236328,25.309999465942383,4285900
2022-04-13,6.945653438568115,25.670000076293945,25.959999084472656,24.799999237060547,24.836999893188477,5109200
2022-04-14,6.731898307800293,24.8799991607666,25.809999465942383,24.719999313354492,25.729999542236328,5129400
2022-04-18,6.8698930740356445,25.389999389648438,25.670000076293945,24.3799991607666,24.6200008392334,6876800
2022-04-19,7.016002178192139,25.93000030517578,26.110000610351562,25.540000915527344,25.59000015258789,3554400
2022-04-20,6.964591979980469,25.739999771118164,26.329999923706055,25.514999389648438,26.299999237060547,5789800
2022-04-21,6.964591979980469,25.739999771118164,26.8700008392334,25.729999542236328,26.780000686645508,4859400
2022-04-22,6.664253234863281,24.6299991607666,25.364999771118164,24.44499969482422,25.25,5635700
2022-04-25,6.791423797607422,25.100000381469727,25.219999313354492,24.104999542236328,24.190000534057617,7760800
2022-04-26,6.4559125900268555,23.860000610351562,25.1200008392334,23.594999313354492,25.100000381469727,7539700
2022-04-27,6.556026458740234,24.229999542236328,24.649999618530273,23.969999313354492,24.31999969482422,4498900
2022-04-28,6.748132705688477,24.940000534057617,25.239999771118164,24.25,24.600000381469727,7616600
2022-04-29,6.450500965118408,23.84000015258789,24.56999969482422,23.760000228881836,24.329999923706055,5787100
2022-05-02,6.493793487548828,24.0,24.389999389648438,23.684999465942383,24.18000030517578,6414300
2022-05-03,6.339566707611084,23.43000030517578,23.959999084472656,23.309999465942383,23.899999618530273,5523000
2022-05-04,6.729192733764648,24.8700008392334,24.969999313354492,24.040000915527344,24.34000015258789,6639500
2022-05-05,6.1176934242248535,22.610000610351562,24.56999969482422,22.1200008392334,24.56999969482422,11554300
2022-05-06,6.058167457580566,22.389999389648438,22.639999389648438,21.93000030517578,22.360000610351562,5444200
2022-05-09,5.203150749206543,19.229999542236328,20.790000915527344,18.8700008392334,20.360000610351562,12472900
2022-05-10,5.25997257232666,19.440000534057617,20.139999389648438,19.15999984741211,19.979999542236328,7176500
2022-05-11,4.9190473556518555,18.18000030517578,19.8799991607666,18.100000381469727,18.530000686645508,14410900
2022-05-12,4.791878700256348,17.709999084472656,18.545000076293945,17.226999282836914,17.700000762939453,19023600
2022-05-13,5.054335117340088,18.68000030517578,19.290000915527344,18.260000228881836,19.010000228881836,7862700
2022-05-16,4.956928730010986,18.31999969482422,18.6200008392334,18.059999465942383,18.559999465942383,4154800
2022-05-17,5.051629066467285,18.670000076293945,19.1299991607666,18.309999465942383,19.0,6501100
2022-05-18,4.905519008636475,18.1299991607666,18.385000228881836,17.81999969482422,18.299999237060547,5417400
2022-05-19,5.038101673126221,18.6200008392334,18.979999542236328,18.229999542236328,18.420000076293945,5605800
2022-05-20,4.921754360198975,18.190000534057617,18.899999618530273,17.809999465942383,18.829999923706055,5739500
2022-05-23,4.881167888641357,18.040000915527344,19.0,18.040000915527344,18.920000076293945,5331600
2022-05-24,4.92987060546875,18.219999313354492,18.399999618530273,17.770000457763672,18.170000076293945,8812000
2022-05-25,4.96504545211792,18.350000381469727,18.670000076293945,18.239999771118164,18.290000915527344,6188500
2022-05-26,4.932575225830078,18.229999542236328,18.520000457763672,17.479999542236328,17.489999771118164,9657000
2022-05-27,4.840580940246582,17.889999389648438,18.25,17.485000610351562,18.1200008392334,12572700
2022-05-31,5.311379909515381,19.6299991607666,20.165000915527344,19.389999389648438,19.780000686645508,9464400
2022-06-01,5.046219348907471,18.649999618530273,19.829999923706055,18.540000915527344,19.799999237060547,6636000
2022-06-02,5.089510917663574,18.809999465942383,18.90999984741211,18.440000534057617,18.510000228881836,6050300
2022-06-03,4.962340354919434,18.34000015258789,18.459999084472656,18.1299991607666,18.34000015258789,4776300
2022-06-06,5.292439937591553,19.559999465942383,19.759000778198242,19.290000915527344,19.540000915527344,6424500
2022-06-07,5.219386577606201,19.290000915527344,19.5,18.235000610351562,18.34000015258789,7038300
2022-06-08,5.054335117340088,18.68000030517578,19.155000686645508,18.540000915527344,18.850000381469727,5410600
2022-06-09,5.029984474182129,18.59000015258789,18.899999618530273,18.549999237060547,18.709999084472656,2847600
2022-06-10,4.856816291809082,17.950000762939453,18.388999938964844,17.840999603271484,18.229999542236328,5387900
2022-06-13,3.8746302127838135,14.319999694824219,15.020000457763672,14.0,14.5,22112200
2022-06-14,3.7149906158447266,13.729999542236328,14.130000114440918,13.635000228881836,13.949999809265137,15399600
2022-06-15,3.6257009506225586,13.399999618530273,13.899999618530273,12.550000190734863,13.260000228881836,25624700
2022-06-16,3.495824098587036,12.920000076293945,13.295000076293945,12.829999923706055,13.180000305175781,14511800
2022-06-17,3.4417097568511963,12.720000267028809,12.958999633789062,12.600000381469727,12.779999732971191,11869700
2022-06-21,3.5039424896240234,12.949999809265137,13.475000381469727,12.920000076293945,13.119999885559082,12501600
2022-06-22,3.3740663528442383,12.470000267028809,12.9399995803833,12.260000228881836,12.739999771118164,9795800
2022-06-23,3.5039424896240234,12.949999809265137,12.970000267028809,12.460000038146973,12.720000267028809,8418600
2022-06-24,3.560762882232666,13.15999984741211,13.260000228881836,12.869999885559082,13.15999984741211,7994600
2022-06-27,3.4822959899902344,12.869999885559082,13.149999618530273,12.630000114440918,13.149999618530273,8145500
2022-06-28,3.3740663528442383,12.470000267028809,13.0600004196167,12.449999809265137,13.0,6626800
2022-06-29,3.3767709732055664,12.479999542236328,12.529999732971191,12.265000343322754,12.420000076293945,7697400
2022-06-30,3.1413724422454834,11.609999656677246,11.890000343322754,11.555000305175781,11.859999656677246,9600800
2022-07-01,3.2360732555389404,11.960000038146973,12.140000343322754,11.850000381469727,11.890000343322754,8620300
2022-07-05,3.417358160018921,12.630000114440918,12.670000076293945,11.899999618530273,11.949999809265137,10137000
2022-07-06,3.3984177112579346,12.5600004196167,12.65999984741211,12.380000114440918,12.479999542236328,5514900
2022-07-07,3.6608753204345703,13.529999732971191,13.539999961853027,12.579999923706055,12.609999656677246,9052100
2022-07-08,3.6473472118377686,13.479999542236328,13.6850004196167,13.09000015258789,13.199999809265137,8833200
2022-07-11,3.425476312637329,12.65999984741211,12.8100004196167,12.494999885559082,12.699999809265137,5615300
2022-07-12,3.233367919921875,11.949999809265137,12.369999885559082,11.880000114440918,12.279999732971191,7931900
2022-07-13,3.279365301132202,12.119999885559082,12.359999656677246,11.670000076293945,11.729999542236328,8055700
2022-07-14,3.4498276710510254,12.75,12.90999984741211,12.111000061035156,12.170000076293945,6980700
2022-07-15,3.5445291996002197,13.100000381469727,13.100000381469727,12.770000457763672,12.960000038146973,7756300
2022-07-18,3.617583990097046,13.369999885559082,14.100000381469727,13.220000267028809,13.75,10495600
2022-07-19,3.926039457321167,14.510000228881836,14.65999984741211,13.630000114440918,13.8100004196167,15314400
2022-07-20,3.961214303970337,14.640000343322754,15.024999618530273,14.489999771118164,14.779999732971191,13783100
2022-07-21,3.893568754196167,14.390000343322754,14.390000343322754,13.819999694824219,14.050000190734863,8760600
2022-07-22,3.7826342582702637,13.979999542236328,14.71500015258789,13.9399995803833,14.600000381469727,7252400
2022-07-25,3.6635806560516357,13.539999961853027,13.619000434875488,13.329999923706055,13.550000190734863,5558200
2022-07-26,3.495824098587036,12.920000076293945,13.029999732971191,12.800000190734863,12.9399995803833,5246300
2022-07-27,3.820514678955078,14.119999885559082,14.289999961853027,13.15999984741211,13.15999984741211,9390000
2022-07-28,4.0017991065979,14.789999961853027,14.949999809265137,14.074999809265137,14.319999694824219,7459400
2022-07-29,4.0126237869262695,14.829999923706055,15.029999732971191,14.529999732971191,14.649999618530273,9461900
2022-08-01,3.8448660373687744,14.210000038146973,14.550000190734863,14.135000228881836,14.295000076293945,6753600
2022-08-02,3.839454174041748,14.1899995803833,14.5,14.010000228881836,14.079999923706055,6166700
2022-08-03,3.931450128555298,14.529999732971191,14.59000015258789,14.345000267028809,14.380000114440918,6352500
2022-08-04,3.7420477867126465,13.829999923706055,14.319999694824219,13.824999809265137,14.170000076293945,7663700
2022-08-05,3.8340439796447754,14.170000076293945,14.449999809265137,14.039999961853027,14.229999542236328,9272600
2022-08-08,4.0017991065979,14.789999961853027,15.020000457763672,14.710000038146973,14.869999885559082,7767000
2022-08-09,3.8502771854400635,14.229999542236328,14.399999618530273,14.100000381469727,14.369999885559082,2985900
2022-08-10,3.950390338897705,14.600000381469727,14.949999809265137,14.520000457763672,14.920000076293945,7315000
2022-08-11,4.0532097816467285,14.979999542236328,15.40999984741211,14.869999885559082,15.220000267028809,7223200
2022-08-12,4.047797203063965,14.960000038146973,14.989999771118164,14.625,14.699999809265137,5128500
2022-08-15,4.0045061111450195,14.800000190734863,14.989999771118164,14.78499984741211,14.890000343322754,3481500
2022-08-16,3.9963881969451904,14.770000457763672,14.84000015258789,14.569999694824219,14.760000228881836,3629200
2022-08-17,3.8719239234924316,14.3100004196167,14.595000267028809,14.289999961853027,14.569999694824219,5922600
2022-08-18,3.893568754196167,14.390000343322754,14.489999771118164,14.3100004196167,14.489999771118164,2519000
2022-08-19,3.5391170978546143,13.079999923706055,13.300000190734863,12.975000381469727,13.229999542236328,6517700
2022-08-22,3.498530864715576,12.930000305175781,13.210000038146973,12.869999885559082,13.010000228881836,3922700
2022-08-23,3.5851151943206787,13.25,13.350000381469727,13.133000373840332,13.180000305175781,3656800
2022-08-24,3.6121718883514404,13.350000381469727,13.460000038146973,13.119999885559082,13.170000076293945,2838000
2022-08-25,3.5824084281921387,13.239999771118164,13.369999885559082,13.130000114440918,13.260000228881836,3280000
2022-08-26,3.4065353870391846,12.59000015258789,13.399999618530273,12.515000343322754,13.380000114440918,10825900
2022-08-29,3.3334801197052,12.319999694824219,12.515000343322754,12.210000038146973,12.239999771118164,4878100
2022-08-30,3.295599937438965,12.180000305175781,12.550000190734863,11.920000076293945,12.470000267028809,5602100
2022-08-31,3.3443033695220947,12.359999656677246,12.529999732971191,12.140000343322754,12.4399995803833,4224900
2022-09-01,3.2874834537506104,12.149999618530273,12.270000457763672,11.90999984741211,12.210000038146973,5542900
2022-09-02,3.295599937438965,12.180000305175781,12.5600004196167,12.050000190734863,12.489999771118164,7435300
2022-09-06,3.103492021560669,11.470000267028809,12.1899995803833,11.449999809265137,12.15999984741211,12062400
2022-09-07,3.1549017429351807,11.65999984741211,11.779999732971191,11.510000228881836,11.529999732971191,5835800
2022-09-08,3.2198398113250732,11.899999618530273,11.899999618530273,11.675000190734863,11.710000038146973,6591600
2022-09-09,3.5634686946868896,13.170000076293945,13.234999656677246,12.890000343322754,12.899999618530273,8431300
2022-09-12,3.7474589347839355,13.850000381469727,13.888999938964844,13.59000015258789,13.789999961853027,6944700
2022-09-13,3.3794782161712646,12.489999771118164,13.255999565124512,12.354999542236328,13.149999618530273,8162200
2022-09-14,3.3226568698883057,12.279999732971191,12.529999732971191,12.074999809265137,12.520000457763672,6898100
2022-09-15,3.2901880741119385,12.15999984741211,12.420000076293945,11.989999771118164,12.3100004196167,5018500
2022-09-16,3.2631311416625977,12.0600004196167,12.170000076293945,11.875,12.15999984741211,6223100
2022-09-19,3.246896743774414,12.0,12.039999961853027,11.529999732971191,11.529999732971191,6703600
2022-09-20,3.1521947383880615,11.649999618530273,11.875,11.515000343322754,11.619999885559082,5089600
2022-09-21,3.157606601715088,11.670000076293945,12.239999771118164,11.510000228881836,11.869999885559082,11488300
2022-09-22,3.2117221355438232,11.869999885559082,11.994999885559082,11.539999961853027,11.760000228881836,7995700
2022-09-23,3.1251375675201416,11.550000190734863,11.704999923706055,11.369999885559082,11.6899995803833,8582800
2022-09-26,3.1954874992370605,11.8100004196167,11.875,11.65999984741211,11.720000267028809,4661100
2022-09-27,3.1765475273132324,11.739999771118164,12.53499984741211,11.5649995803833,12.399999618530273,7444600
2022-09-28,3.260425329208374,12.050000190734863,12.119999885559082,11.710000038146973,11.789999961853027,8103600
2022-09-29,3.2360732555389404,11.960000038146973,12.09000015258789,11.569999694824219,11.869999885559082,4890800
2022-09-30,3.2441906929016113,11.989999771118164,12.449999809265137,11.824999809265137,11.835000038146973,8115300
2022-10-03,3.2631311416625977,12.0600004196167,12.140000343322754,11.739999771118164,11.84000015258789,9041800
2022-10-04,3.3875954151153564,12.520000457763672,12.539999961853027,12.27299976348877,12.34000015258789,8210000
2022-10-05,3.3578310012817383,12.40999984741211,12.579999923706055,12.180000305175781,12.300000190734863,5885700
2022-10-06,3.3415980339050293,12.350000381469727,12.5600004196167,12.25100040435791,12.40999984741211,6864900
2022-10-07,3.2360732555389404,11.960000038146973,12.128999710083008,11.885000228881836,12.100000381469727,7260800
2022-10-10,3.190075635910034,11.789999961853027,11.944999694824219,11.734000205993652,11.930000305175781,3118800
2022-10-11,3.1549017429351807,11.65999984741211,11.805000305175781,11.569999694824219,11.739999771118164,4904500
2022-10-12,3.184664487838745,11.770000457763672,11.800000190734863,11.692000389099121,11.729999542236328,2587000
2022-10-13,3.233367919921875,11.949999809265137,12.039999961853027,11.180000305175781,11.204999923706055,13273000
2022-10-14,3.1927812099456787,11.800000190734863,12.1899995803833,11.770000457763672,12.140000343322754,8380900
2022-10-17,3.260425329208374,12.050000190734863,12.140000343322754,11.970000267028809,12.069999694824219,4210400
2022-10-18,3.203604221343994,11.84000015258789,12.149999618530273,11.75,12.119999885559082,4789400
2022-10-19,3.203604221343994,11.84000015258789,11.890999794006348,11.739999771118164,11.8100004196167,2208300
2022-10-20,3.1765475273132324,11.739999771118164,11.930000305175781,11.670000076293945,11.789999961853027,3865900
2022-10-21,3.203604221343994,11.84000015258789,11.875,11.625,11.680000305175781,6820000
2022-10-24,3.2306621074676514,11.9399995803833,11.989999771118164,11.800000190734863,11.930000305175781,4297400
2022-10-25,3.3930063247680664,12.539999961853027,12.619999885559082,11.9399995803833,11.9399995803833,13740000
2022-10-26,3.474179267883301,12.84000015258789,12.994999885559082,12.5649995803833,12.633000373840332,12256200
2022-10-27,3.4606494903564453,12.789999961853027,12.845000267028809,12.640000343322754,12.829999923706055,6647400
2022-10-28,3.447122573852539,12.739999771118164,12.835000038146973,12.555000305175781,12.569999694824219,8205800
2022-10-31,3.401122808456421,12.569999694824219,12.800000190734863,12.470000267028809,12.760000228881836,4302100
2022-11-01,3.417358160018921,12.630000114440918,12.680000305175781,12.529000282287598,12.65999984741211,2309400
2022-11-02,3.3740663528442383,12.470000267028809,12.868000030517578,12.390000343322754,12.600000381469727,7493800
2022-11-03,3.3821845054626465,12.5,12.5600004196167,12.380000114440918,12.420000076293945,5400100
2022-11-04,3.533705949783325,13.0600004196167,13.199000358581543,12.770000457763672,12.890000343322754,11666600
2022-11-07,3.4768855571746826,12.850000381469727,12.90999984741211,12.739999771118164,12.800000190734863,4578100
2022-11-08,3.0114963054656982,11.130000114440918,12.75,10.390000343322754,12.079000473022461,49341600
2022-11-09,2.6137521266937256,9.65999984741211,10.899999618530273,9.604999542236328,10.682000160217285,39911000
2022-11-10,2.938441514968872,10.859999656677246,11.010000228881836,9.96500015258789,10.279999732971191,36835100
2022-11-11,2.6462199687957764,9.779999732971191,10.210000038146973,9.680000305175781,9.739999771118164,22101400
2022-11-14,2.6543378829956055,9.8100004196167,10.0600004196167,9.744999885559082,9.989999771118164,13114100
2022-11-15,2.7788028717041016,10.270000457763672,10.375,10.052000045776367,10.229999542236328,12253200
2022-11-16,2.705747365951538,10.0,10.038000106811523,9.84000015258789,9.98900032043457,7926700
2022-11-17,2.7490389347076416,10.15999984741211,10.204999923706055,9.960000038146973,9.960000038146973,6090700
2022-11-18,2.7436277866363525,10.140000343322754,10.220000267028809,10.045000076293945,10.210000038146973,5497500
2022-11-21,2.5948104858398438,9.59000015258789,10.010000228881836,9.479999542236328,9.869999885559082,11553000
2022-11-22,2.6489264965057373,9.789999961853027,9.901000022888184,9.699999809265137,9.760000228881836,5472200
2022-11-23,2.7571561336517334,10.1899995803833,10.1899995803833,9.890000343322754,9.949999809265137,4980500
2022-11-25,2.7571561336517334,10.1899995803833,10.220000267028809,10.100000381469727,10.109999656677246,1888600
2022-11-28,2.7030413150787354,9.989999771118164,10.050000190734863,9.795000076293945,9.960000038146973,4897500
2022-11-29,2.7490389347076416,10.15999984741211,10.170000076293945,10.03499984741211,10.09000015258789,2249400
2022-11-30,2.8951497077941895,10.699999809265137,10.720000267028809,10.350000381469727,10.399999618530273,7346400
2022-12-01,2.851857900619507,10.539999961853027,10.699999809265137,10.489999771118164,10.600000381469727,7773000
2022-12-02,2.878915309906006,10.640000343322754,10.65999984741211,10.510000228881836,10.510000228881836,2642800
2022-12-05,2.849151372909546,10.529999732971191,10.779999732971191,10.489999771118164,10.729999542236328,3783600
2022-12-06,2.8707973957061768,10.609999656677246,10.635000228881836,10.510000228881836,10.609999656677246,3309500
2022-12-07,2.8329169750213623,10.470000267028809,10.5600004196167,10.430000305175781,10.539999961853027,2701000
2022-12-08,2.916794776916504,10.779999732971191,10.835000038146973,10.484000205993652,10.5,6081800
2022-12-09,2.8843259811401367,10.65999984741211,10.770000457763672,10.65999984741211,10.710000038146973,2943000
2022-12-12,2.9005610942840576,10.720000267028809,10.729999542236328,10.619999885559082,10.649999618530273,2679100
2022-12-13,3.0033795833587646,11.100000381469727,11.243000030517578,11.010000228881836,11.229999542236328,7605500
2022-12-14,3.0142016410827637,11.140000343322754,11.550000190734863,11.0600004196167,11.239999771118164,11670800
2022-12-15,2.9438533782958984,10.880000114440918,10.989999771118164,10.819999694824219,10.989999771118164,3877500
2022-12-16,2.8410351276397705,10.5,10.680000305175781,10.444999694824219,10.649999618530273,6556400
2022-12-19,2.792330503463745,10.319999694824219,10.460000038146973,10.270000457763672,10.430000305175781,2842700
2022-12-20,2.8545637130737305,10.550000190734863,10.670000076293945,10.4399995803833,10.461000442504883,3910300
2022-12-21,2.835622787475586,10.479999542236328,10.550000190734863,10.430000305175781,10.5,1591700
2022-12-22,2.830211639404297,10.460000038146973,10.510000228881836,10.289999961853027,10.449999809265137,3745400
2022-12-23,2.8410351276397705,10.5,10.550000190734863,10.442999839782715,10.470000267028809,2066900
2022-12-27,2.8058598041534424,10.369999885559082,10.510000228881836,10.324999809265137,10.489999771118164,3184900
2022-12-28,2.8004488945007324,10.350000381469727,10.449999809265137,10.270000457763672,10.350000381469727,2738500
2022-12-29,2.8004488945007324,10.350000381469727,10.399999618530273,10.329999923706055,10.350000381469727,2019100
2022-12-30,2.822094202041626,10.430000305175781,10.449999809265137,10.154999732971191,10.279999732971191,3834600
2023-01-03,2.8383288383483887,10.489999771118164,10.585000038146973,10.430000305175781,10.569999694824219,2501100
2023-01-04,2.8653862476348877,10.59000015258789,10.739999771118164,10.550000190734863,10.59000015258789,4408000
2023-01-05,2.878915309906006,10.640000343322754,10.654999732971191,10.550000190734863,10.609999656677246,1575900
2023-01-06,2.887031078338623,10.670000076293945,10.789999961853027,10.520000457763672,10.550000190734863,2777900
2023-01-09,2.9438533782958984,10.880000114440918,11.020000457763672,10.850000381469727,10.890000343322754,5751700
2023-01-10,2.997967481613159,11.079999923706055,11.079999923706055,10.890000343322754,10.9399995803833,3269500
2023-01-11,3.0114963054656982,11.130000114440918,11.140000343322754,10.9399995803833,11.0,3621100
2023-01-12,3.2739531993865967,12.100000381469727,12.119999885559082,11.34000015258789,11.520000457763672,13516600
2023-01-13,3.349714756011963,12.380000114440918,12.380000114440918,11.994999885559082,12.020000457763672,11364700
2023-01-17,3.685227870941162,13.619999885559082,13.619999885559082,13.34000015258789,13.520000457763672,12929900
2023-01-18,3.560762882232666,13.15999984741211,13.710000038146973,12.944000244140625,13.619999885559082,25287100
2023-01-19,3.6284067630767822,13.40999984741211,13.46500015258789,13.15999984741211,13.199000358581543,6439700
2023-01-20,3.839454174041748,14.1899995803833,14.25,13.354999542236328,13.390000343322754,18107600
2023-01-23,3.9693307876586914,14.670000076293945,14.739999771118164,14.300000190734863,14.5,11053400
2023-01-24,3.9558019638061523,14.619999885559082,14.664999961853027,14.460000038146973,14.53499984741211,6406000
2023-01-25,3.936861276626587,14.550000190734863,14.569999694824219,14.180000305175781,14.329999923706055,7939800
2023-01-26,3.977447986602783,14.699999809265137,14.760000228881836,14.5,14.720000267028809,6300900
2023-01-27,3.963918685913086,14.649999618530273,14.9399995803833,14.494999885559082,14.538999557495117,13773400
2023-01-30,3.8881590366363525,14.369999885559082,14.774999618530273,14.279999732971191,14.687999725341797,9829300
2023-01-31,3.9585094451904297,14.630000114440918,14.720000267028809,14.59000015258789,14.619999885559082,5195500
2023-02-01,4.042974472045898,14.789999961853027,14.854999542236328,14.25,14.460000038146973,12718400
2023-02-02,4.092181205749512,14.970000267028809,15.166999816894531,14.760000228881836,15.0,12849700
2023-02-03,3.999237537384033,14.630000114440918,14.869999885559082,14.520000457763672,14.59000015258789,10411900
2023-02-06,3.9363648891448975,14.399999618530273,14.496000289916992,14.220000267028809,14.260000228881836,7458700
2023-02-07,3.966435194015503,14.510000228881836,14.619999885559082,14.21500015258789,14.369999885559082,8196600
2023-02-08,3.8980953693389893,14.260000228881836,14.460000038146973,14.135000228881836,14.40999984741211,6359800
2023-02-09,3.747748374938965,13.710000038146973,14.270000457763672,13.609999656677246,14.220000267028809,14259400
2023-02-10,3.7040114402770996,13.550000190734863,13.680000305175781,13.420000076293945,13.604999542236328,8246900
2023-02-13,3.6985435485839844,13.529999732971191,13.529999732971191,13.300000190734863,13.430000305175781,8258100
2023-02-14,3.7996857166290283,13.899999618530273,13.925000190734863,13.4350004196167,13.460000038146973,10406700
2023-02-15,4.124983787536621,15.09000015258789,15.199999809265137,14.100000381469727,14.145000457763672,16793400
2023-02-16,4.198789596557617,15.359999656677246,15.789999961853027,15.170000076293945,15.239999771118164,22172700
2023-02-17,4.245260715484619,15.529999732971191,15.649999618530273,14.8149995803833,14.930000305175781,15277400
2023-02-21,4.17418909072876,15.270000457763672,15.475000381469727,15.145999908447266,15.380000114440918,9128200
2023-02-22,4.056643486022949,14.84000015258789,15.029999732971191,14.71500015258789,14.949999809265137,9556300
2023-02-23,4.086712837219238,14.949999809265137,15.03499984741211,14.789999961853027,14.979999542236328,7942700
2023-02-24,3.94183349609375,14.420000076293945,14.880000114440918,14.1899995803833,14.789999961853027,14551700
2023-02-27,3.958233594894409,14.479999542236328,14.859999656677246,14.340999603271484,14.78600025177002,7700000
2023-02-28,3.9500341415405273,14.449999809265137,14.6899995803833,14.399999618530273,14.550000190734863,6209700
2023-03-01,3.9723310470581055,14.430000305175781,14.760000228881836,14.369999885559082,14.619999885559082,4919300
2023-03-02,3.986095428466797,14.479999542236328,14.539999961853027,14.300000190734863,14.359999656677246,5004500
2023-03-03,3.768622875213623,13.6899995803833,13.829999923706055,13.670000076293945,13.779999732971191,9356000
2023-03-06,3.7823867797851562,13.739999771118164,13.90999984741211,13.720000267028809,13.779999732971191,5277600
2023-03-07,3.7300822734832764,13.550000190734863,13.829999923706055,13.460000038146973,13.739999771118164,8581300
2023-03-08,3.7355880737304688,13.569999694824219,13.670000076293945,13.4399995803833,13.520000457763672,5277000
2023-03-09,3.3997437953948975,12.350000381469727,13.390000343322754,12.260000228881836,13.369999885559082,17443700
2023-03-10,3.3722145557403564,12.25,12.460000038146973,12.0600004196167,12.270000457763672,14404000
2023-03-13,4.1237359046936035,14.979999542236328,15.085000038146973,13.649999618530273,13.800000190734863,29730600
2023-03-14,4.2586259841918945,15.470000267028809,16.100000381469727,14.960000038146973,15.989999771118164,24717100
2023-03-15,4.143006324768066,15.050000190734863,15.5,14.729999542236328,15.460000038146973,16077600
2023-03-16,4.24210786819458,15.40999984741211,15.53499984741211,15.164999961853027,15.210000038146973,10952700
2023-03-17,4.583459377288818,16.649999618530273,16.649999618530273,16.1299991607666,16.440000534057617,27311800
2023-03-20,4.726606845855713,17.170000076293945,17.40999984741211,16.975000381469727,17.3799991607666,16942900
2023-03-21,4.792673587799072,17.40999984741211,17.611000061035156,17.145000457763672,17.34000015258789,11427000
2023-03-22,4.520144462585449,16.420000076293945,17.854999542236328,16.40999984741211,17.530000686645508,19835100
2023-03-23,4.839473247528076,17.579999923706055,17.770000457763672,16.829999923706055,16.889999389648438,19269700
2023-03-24,4.72385311126709,17.15999984741211,17.440000534057617,16.969999313354492,17.209999084472656,9519300
2023-03-27,4.569694519042969,16.600000381469727,17.149999618530273,16.299999237060547,17.110000610351562,16324800
2023-03-28,4.646773815155029,16.8799991607666,16.940000534057617,16.440000534057617,16.520000457763672,9822300
2023-03-29,4.814697742462158,17.489999771118164,17.594999313354492,17.299999237060547,17.440000534057617,8101700
2023-03-30,4.743124008178711,17.229999542236328,17.610000610351562,17.020000457763672,17.600000381469727,8749200
2023-03-31,4.822956085205078,17.520000457763672,17.670000076293945,17.389999389648438,17.40999984741211,9507400
2023-04-03,4.739534378051758,16.760000228881836,16.969999313354492,16.649999618530273,16.860000610351562,8597100
2023-04-04,4.7593278884887695,16.829999923706055,16.908000946044922,16.65999984741211,16.8700008392334,6941600
2023-04-05,4.7621564865112305,16.84000015258789,17.020000457763672,16.56999969482422,17.014999389648438,9347800
2023-04-06,4.719738006591797,16.690000534057617,16.81999969482422,16.5049991607666,16.65999984741211,7378400
2023-04-10,4.940311908721924,17.469999313354492,17.6200008392334,16.780000686645508,16.860000610351562,15452000
2023-04-11,5.093018054962158,18.010000228881836,18.274999618530273,17.920000076293945,18.020000457763672,15613800
2023-04-12,5.030805587768555,17.790000915527344,18.086999893188477,17.690000534057617,18.030000686645508,10759800
2023-04-13,5.13543701171875,18.15999984741211,18.360000610351562,18.045000076293945,18.1200008392334,9204400
2023-04-14,5.1212968826293945,18.110000610351562,18.385000228881836,17.860000610351562,18.299999237060547,8301200
2023-04-17,4.962935924530029,17.549999237060547,17.6299991607666,17.395000457763672,17.489999771118164,5009200
2023-04-18,5.095847129821777,18.020000457763672,18.139999389648438,17.84000015258789,18.059999465942383,5694400
2023-04-19,4.920518398284912,17.399999618530273,17.577999114990234,17.329999923706055,17.40999984741211,5786900
2023-04-20,4.719738006591797,16.690000534057617,17.195999145507812,16.635000228881836,17.100000381469727,10648500
2023-04-21,4.586827278137207,16.219999313354492,16.84000015258789,16.15999984741211,16.75,8580200
2023-04-24,4.603795051574707,16.280000686645508,16.479999542236328,16.030000686645508,16.280000686645508,4776300
2023-04-25,4.6433844566345215,16.420000076293945,16.530000686645508,16.15999984741211,16.280000686645508,9398400
2023-04-26,4.694285869598389,16.600000381469727,17.799999237060547,16.489999771118164,17.729999542236328,23874100
2023-04-27,5.0053534507751465,17.700000762939453,17.790000915527344,17.149999618530273,17.200000762939453,13519100
2023-04-28,4.923346519470215,17.40999984741211,17.479999542236328,17.15999984741211,17.420000076293945,8464400
2023-05-01,4.658823490142822,16.079999923706055,16.559999465942383,16.065000534057617,16.530000686645508,9736100
2023-05-02,4.821072101593018,16.639999389648438,16.739999771118164,16.1200008392334,16.209999084472656,16581600
2023-05-03,4.7457427978515625,16.3799991607666,16.64299964904785,16.239999771118164,16.329999923706055,12383500
2023-05-04,4.850043773651123,16.739999771118164,16.78499984741211,16.56999969482422,16.709999084472656,13293800
2023-05-05,4.9804205894470215,17.190000534057617,17.2450008392334,16.780000686645508,16.799999237060547,9596000
2023-05-08,4.580597877502441,15.8100004196167,16.239999771118164,15.760000228881836,16.149999618530273,12125900
2023-05-09,4.638543605804443,16.010000228881836,16.049999237060547,15.800000190734863,16.030000686645508,4407400
2023-05-10,4.638543605804443,16.010000228881836,16.399999618530273,15.430000305175781,16.239999771118164,18099700
2023-05-11,4.493679046630859,15.510000228881836,15.899999618530273,15.430000305175781,15.8100004196167,8989900
2023-05-12,4.429938316345215,15.289999961853027,15.375,14.916000366210938,15.270000457763672,10309400
2023-05-15,4.595084190368652,15.859999656677246,16.010000228881836,15.729999542236328,15.819999694824219,6070800
2023-05-16,4.511063098907471,15.569999694824219,15.710000038146973,15.529999732971191,15.649999618530273,3403900
2023-05-17,4.59218692779541,15.850000381469727,15.890000343322754,15.324999809265137,15.449999809265137,7985100
2023-05-18,4.479193687438965,15.460000038146973,15.850000381469727,15.229999542236328,15.710000038146973,9027900
2023-05-19,4.4994730949401855,15.529999732971191,15.729999542236328,15.399999618530273,15.5600004196167,6294500
2023-05-22,4.4994730949401855,15.529999732971191,15.680000305175781,15.479999542236328,15.479999542236328,7539600
2023-05-23,4.554521083831787,15.720000267028809,15.84000015258789,15.670000076293945,15.770000457763672,4509400
2023-05-24,4.38937520980835,15.149999618530273,15.430000305175781,15.020000457763672,15.430000305175781,8394300
2023-05-25,4.41545295715332,15.239999771118164,15.3100004196167,15.039999961853027,15.1899995803833,7247800
2023-05-26,4.473398208618164,15.4399995803833,15.550000190734863,15.239999771118164,15.239999771118164,6555500
2023-05-30,4.670413017272949,16.1200008392334,16.197999954223633,15.890000343322754,16.15999984741211,5987800
2023-05-31,4.49657678604126,15.520000457763672,15.710000038146973,15.449999809265137,15.65999984741211,5401600
2023-06-01,4.475123882293701,15.020000457763672,15.220000267028809,14.920000076293945,15.069999694824219,7235600
2023-06-02,4.555569171905518,15.289999961853027,15.3100004196167,15.020000457763672,15.15999984741211,4104600
2023-06-05,4.266563892364502,14.319999694824219,15.015000343322754,14.170000076293945,14.970000267028809,11901200
2023-06-06,4.528754234313965,15.199999809265137,15.279999732971191,14.220000267028809,14.279999732971191,16512400
2023-06-07,4.421494007110596,14.84000015258789,15.09000015258789,14.699999809265137,15.0,5708400
2023-06-08,4.436391830444336,14.890000343322754,15.0600004196167,14.729999542236328,14.800000190734863,4071900
2023-06-09,4.403617858886719,14.779999732971191,15.0,14.770000457763672,14.989999771118164,4424400
2023-06-12,4.30827522277832,14.460000038146973,14.539999961853027,14.345000267028809,14.5,3662100
2023-06-13,4.314234256744385,14.479999542236328,14.640000343322754,14.375,14.619999885559082,2847800
2023-06-14,4.314234256744385,14.479999542236328,14.600000381469727,14.399999618530273,14.5600004196167,4082800
2023-06-15,4.242727756500244,14.239999771118164,14.270000457763672,13.899999618530273,13.989999771118164,9002500
2023-06-16,4.403617858886719,14.779999732971191,14.864999771118164,14.050000190734863,14.300000190734863,13244200
2023-06-20,4.704543113708496,15.789999961853027,15.84000015258789,14.920000076293945,15.050000190734863,14810600
2023-06-21,5.0412187576293945,16.920000076293945,17.28499984741211,16.31999969482422,16.360000610351562,20063300
2023-06-22,5.059095859527588,16.979999542236328,17.110000610351562,16.614999771118164,17.040000915527344,10033300
2023-06-23,5.187211036682129,17.40999984741211,17.700000762939453,16.81999969482422,16.959999084472656,30436300
2023-06-26,5.056115627288818,16.969999313354492,17.25,16.808000564575195,17.100000381469727,10123900
2023-06-27,5.127621650695801,17.209999084472656,17.440000534057617,17.06999969482422,17.18000030517578,13825200
2023-06-28,5.032281398773193,16.889999389648438,17.110000610351562,16.75,16.920000076293945,8890600
2023-06-29,5.1216630935668945,17.190000534057617,17.309999465942383,17.079999923706055,17.290000915527344,6181900
2023-06-30,5.059095859527588,16.979999542236328,17.459999084472656,16.40999984741211,17.450000762939453,25569400
2023-07-03,5.187463283538818,16.729999542236328,16.799999237060547,16.450000762939453,16.479999542236328,7649900
2023-07-05,5.063436508178711,16.329999923706055,16.447999954223633,16.200000762939453,16.219999313354492,6365100
2023-07-06,5.035530090332031,16.239999771118164,16.440000534057617,16.010000228881836,16.43000030517578,7977400
2023-07-07,5.020025730133057,16.190000534057617,16.360000610351562,16.13800048828125,16.239999771118164,7400100
2023-07-10,5.13475227355957,16.559999465942383,16.559999465942383,16.15999984741211,16.15999984741211,6047700
2023-07-11,5.085142135620117,16.399999618530273,16.514999389648438,16.200000762939453,16.270000457763672,8862600
2023-07-12,5.0262274742126465,16.209999084472656,16.549999237060547,16.165000915527344,16.420000076293945,9254100
2023-07-13,5.283585548400879,17.040000915527344,17.149999618530273,16.325000762939453,16.3799991607666,30266700
2023-07-14,5.00142240524292,16.1299991607666,16.829999923706055,16.010000228881836,16.690000534057617,19805500
2023-07-17,4.951810359954834,15.970000267028809,16.229999542236328,15.850000381469727,16.170000076293945,7977000
2023-07-18,4.920804500579834,15.869999885559082,16.059999465942383,15.75,15.899999618530273,8023000
2023-07-19,4.973516464233398,16.040000915527344,16.100000381469727,15.880000114440918,15.979999542236328,6536600
2023-07-20,4.9239044189453125,15.880000114440918,16.190000534057617,15.770000457763672,16.149999618530273,6927300
2023-07-21,4.945610523223877,15.949999809265137,16.075000762939453,15.895000457763672,15.960000038146973,5302300
2023-07-24,4.812281131744385,15.520000457763672,15.619999885559082,15.380000114440918,15.609999656677246,6137600
2023-07-25,4.827783584594727,15.569999694824219,15.680000305175781,15.529999732971191,15.529999732971191,3367600
2023-07-26,4.858789920806885,15.670000076293945,15.725000381469727,15.545000076293945,15.569999694824219,5112700
2023-07-27,4.79677677154541,15.470000267028809,15.720000267028809,15.420000076293945,15.6899995803833,5557000
2023-07-28,4.837086200714111,15.600000381469727,15.734999656677246,15.529999732971191,15.569999694824219,4035700
2023-07-31,4.799877643585205,15.479999542236328,15.6850004196167,15.458999633789062,15.670000076293945,4848100
2023-08-01,4.820545673370361,15.15999984741211,15.210000038146973,14.760000228881836,14.970000267028809,8029000
2023-08-02,4.795107364654541,15.079999923706055,15.279999732971191,14.935999870300293,15.239999771118164,7107600
2023-08-03,4.820545673370361,15.15999984741211,15.25,15.074000358581543,15.100000381469727,4353400
2023-08-04,4.7696709632873535,15.0,15.204999923706055,14.96399974822998,15.130000114440918,3821500
2023-08-07,4.7982869148254395,15.09000015258789,15.114999771118164,14.819999694824219,15.029999732971191,4344900
2023-08-08,4.938196659088135,15.529999732971191,15.609999656677246,15.20300006866455,15.279999732971191,10434400
2023-08-09,4.836444854736328,15.210000038146973,15.550000190734863,15.199999809265137,15.550000190734863,7128000
2023-08-10,4.839624404907227,15.220000267028809,15.40999984741211,15.164999961853027,15.319999694824219,4327600
2023-08-11,4.836444854736328,15.210000038146973,15.3149995803833,15.128999710083008,15.229999542236328,3774600
2023-08-14,4.820545673370361,15.15999984741211,15.390000343322754,15.130000114440918,15.15999984741211,4633700
2023-08-15,4.791928291320801,15.069999694824219,15.270000457763672,15.015000343322754,15.210000038146973,6533500
2023-08-16,4.779209136962891,15.029999732971191,15.119999885559082,14.9399995803833,15.029999732971191,5025200
2023-08-17,4.572523593902588,14.380000114440918,14.729999542236328,14.270000457763672,14.710000038146973,15669800
2023-08-18,4.273623466491699,13.4399995803833,13.619999885559082,13.210000038146973,13.529999732971191,19678600
2023-08-21,4.276803970336914,13.449999809265137,13.515000343322754,13.3100004196167,13.40999984741211,7225400
2023-08-22,4.225927352905273,13.289999961853027,13.4350004196167,13.25,13.399999618530273,5549500
2023-08-23,4.356297969818115,13.699999809265137,13.800000190734863,13.300000190734863,13.300000190734863,12893900
2023-08-24,4.260903835296631,13.399999618530273,13.5600004196167,13.289999961853027,13.550000190734863,5186300
2023-08-25,4.245006084442139,13.350000381469727,13.539999961853027,13.244999885559082,13.470000267028809,8841100
2023-08-28,4.2481842041015625,13.359999656677246,13.475000381469727,13.3149995803833,13.418999671936035,5165200
2023-08-29,4.556623935699463,14.329999923706055,14.510000228881836,13.359999656677246,13.359999656677246,58284700
2023-08-30,4.435792446136475,13.949999809265137,14.109999656677246,13.890000343322754,14.100000381469727,20488100
2023-08-31,4.273623466491699,13.4399995803833,13.989999771118164,13.319999694824219,13.949999809265137,21074400
2023-09-01,4.189328193664551,13.170000076293945,13.369999885559082,12.994999885559082,13.350000381469727,9382800
2023-09-05,4.192509651184082,13.180000305175781,13.289999961853027,13.140000343322754,13.210000038146973,3843200
2023-09-06,4.192509651184082,13.180000305175781,13.388999938964844,12.970000267028809,13.180000305175781,8771600
2023-09-07,4.230681419372559,13.300000190734863,13.345000267028809,13.130000114440918,13.149999618530273,4175300
2023-09-08,4.2402238845825195,13.329999923706055,13.34000015258789,13.220000267028809,13.279999732971191,4217600
2023-09-11,4.077994346618652,12.819999694824219,13.234999656677246,12.789999961853027,13.1899995803833,10778900
2023-09-12,4.256129264831543,13.380000114440918,13.65999984741211,13.289999961853027,13.399999618530273,8113200
2023-09-13,4.272032737731934,13.430000305175781,13.59000015258789,13.380000114440918,13.420000076293945,6952400
2023-09-14,4.357919692993164,13.699999809265137,13.8100004196167,13.635000228881836,13.699999809265137,7934800
2023-09-15,4.3165669441223145,13.569999694824219,13.630000114440918,13.46500015258789,13.569999694824219,3366300
2023-09-18,4.380185604095459,13.770000457763672,14.08899974822998,13.65999984741211,14.020000457763672,7375000
2023-09-19,4.450167655944824,13.989999771118164,14.15999984741211,13.824999809265137,13.960000038146973,5751700
2023-09-20,4.3992719650268555,13.829999923706055,14.050000190734863,13.760000228881836,13.880000114440918,5086400
2023-09-21,4.3483757972717285,13.670000076293945,13.720000267028809,13.529999732971191,13.630000114440918,3995600
2023-09-22,4.332470893859863,13.619999885559082,13.720000267028809,13.609999656677246,13.670000076293945,4323800
2023-09-25,4.300662517547607,13.520000457763672,13.569999694824219,13.385000228881836,13.40999984741211,4015600
2023-09-26,4.284757137298584,13.470000267028809,13.491000175476074,13.369999885559082,13.40999984741211,3805100
2023-09-27,4.284757137298584,13.470000267028809,13.744999885559082,13.380000114440918,13.720000267028809,5163100
2023-09-28,4.440625190734863,13.960000038146973,14.0600004196167,13.579999923706055,13.600000381469727,8374000
2023-09-29,4.392910480499268,13.8100004196167,13.890000343322754,13.654999732971191,13.829999923706055,4047800
2023-10-02,4.5636887550354,14.270000457763672,14.649999618530273,14.079999923706055,14.5,9177100
2023-10-03,4.438962459564209,13.880000114440918,14.069999694824219,13.869999885559082,14.010000228881836,4591400
2023-10-04,4.5061235427856445,14.09000015258789,14.199999809265137,13.899999618530273,14.0,4880400
2023-10-05,4.477339744567871,14.0,14.369999885559082,13.92199993133545,14.300000190734863,5868600
2023-10-06,4.570085048675537,14.289999961853027,14.345000267028809,13.954999923706055,13.954999923706055,6951600
2023-10-09,4.499727249145508,14.069999694824219,14.15999984741211,13.890000343322754,14.0,4398100
2023-10-10,4.458151817321777,13.9399995803833,14.09000015258789,13.899999618530273,13.970000267028809,5264500
2023-10-11,4.352614402770996,13.609999656677246,13.829999923706055,13.479999542236328,13.8100004196167,7125300
2023-10-12,4.343019485473633,13.579999923706055,13.630000114440918,13.494999885559082,13.600000381469727,3723700
2023-10-13,4.3558125495910645,13.619999885559082,13.699999809265137,13.550999641418457,13.680000305175781,3144100
2023-10-16,4.643641948699951,14.520000457763672,15.399999618530273,14.145000457763672,14.9399995803833,33507800
2023-10-17,4.650036811828613,14.539999961853027,14.602999687194824,14.345000267028809,14.40999984741211,4536200
2023-10-18,4.5988688468933105,14.380000114440918,14.491000175476074,14.329999923706055,14.449999809265137,3462000
2023-10-19,4.698009490966797,14.6899995803833,14.774999618530273,14.5,14.539999961853027,5784700
2023-10-20,4.825932502746582,15.09000015258789,15.1899995803833,14.949999809265137,15.0600004196167,8132600
2023-10-23,5.120157241821289,16.010000228881836,16.049999237060547,15.489999771118164,15.600000381469727,21067400
2023-10-24,5.494334697723389,17.18000030517578,17.618999481201172,16.94499969482422,17.559999465942383,36921600
2023-10-25,5.673429489135742,17.739999771118164,17.950000762939453,17.469999313354492,17.56999969482422,16367400
2023-10-26,5.5263166427612305,17.280000686645508,17.559999465942383,17.190000534057617,17.479999542236328,13609500
2023-10-27,5.471949577331543,17.110000610351562,17.40999984741211,16.950000762939453,17.3700008392334,12549300
2023-10-30,5.606269359588623,17.530000686645508,17.719999313354492,17.299999237060547,17.59000015258789,10682400
2023-10-31,5.625457286834717,17.59000015258789,17.639999389648438,17.34000015258789,17.450000762939453,8504900
2023-11-01,5.651247978210449,17.530000686645508,17.6299991607666,17.15999984741211,17.59000015258789,20233600
2023-11-02,5.702827453613281,17.690000534057617,17.809999465942383,17.299999237060547,17.75,13341100
2023-11-03,5.619011878967285,17.43000030517578,17.614999771118164,17.329999923706055,17.360000610351562,11186000
2023-11-06,5.709274768829346,17.709999084472656,17.81999969482422,17.575000762939453,17.729999542236328,4749300
2023-11-07,5.847897529602051,18.139999389648438,18.235000610351562,17.43000030517578,17.549999237060547,18011400
2023-11-08,5.805988311767578,18.010000228881836,18.09000015258789,17.690000534057617,17.84000015258789,13128900
2023-11-09,5.947834014892578,18.450000762939453,19.229999542236328,17.979999542236328,18.950000762939453,40294000
2023-11-10,6.076783657073975,18.850000381469727,18.989999771118164,18.639999389648438,18.68000030517578,10866500
2023-11-13,5.9768476486206055,18.540000915527344,18.690000534057617,18.389999389648438,18.59000015258789,7669200
2023-11-14,5.718946933746338,17.739999771118164,18.510000228881836,17.459999084472656,18.440000534057617,19778700
2023-11-15,6.125139236450195,19.0,19.139999389648438,18.139999389648438,18.219999313354492,18999800
2023-11-16,5.838226795196533,18.110000610351562,18.594999313354492,17.885000228881836,18.43000030517578,13314700
2023-11-17,5.925266742706299,18.3799991607666,18.639999389648438,18.059999465942383,18.290000915527344,13268900
2023-11-20,6.109021186828613,18.950000762939453,19.059999465942383,18.540000915527344,18.690000534057617,12925800
2023-11-21,5.98651647567749,18.56999969482422,18.940000534057617,18.260000228881836,18.6299991607666,20478700
2023-11-22,6.121916770935059,18.989999771118164,19.0,18.219999313354492,18.389999389648438,14210300
2023-11-24,6.160601615905762,19.110000610351562,19.47800064086914,18.950000762939453,18.950000762939453,13038000
2023-11-27,5.931716442108154,18.399999618530273,18.604999542236328,18.350000381469727,18.389999389648438,10118300
2023-11-28,6.202508926391602,19.239999771118164,19.43000030517578,18.709999084472656,18.770000457763672,15731400
2023-11-29,6.07033634185791,18.829999923706055,19.110000610351562,18.780000686645508,19.09000015258789,11799900
2023-11-30,6.0832319259643555,18.8700008392334,18.920000076293945,18.709999084472656,18.860000610351562,5931100
2023-12-01,6.254273891448975,19.270000457763672,19.450000762939453,19.020000457763672,19.059999465942383,14050000
2023-12-04,6.73462438583374,20.75,20.90999984741211,20.424999237060547,20.68000030517578,21862800
2023-12-05,7.068920612335205,21.780000686645508,21.889999389648438,20.871999740600586,20.940000534057617,28494300
2023-12-06,7.0526933670043945,21.729999542236328,22.0,21.690000534057617,21.959999084472656,12748900
2023-12-07,6.971551418304443,21.479999542236328,21.84000015258789,21.3700008392334,21.56999969482422,9733700
2023-12-08,7.169534683227539,22.09000015258789,22.125,21.6299991607666,21.6299991607666,17981600
2023-12-11,6.556116104125977,20.200000762939453,20.84000015258789,19.889999389648438,20.719999313354492,25910300
2023-12-12,6.617783546447754,20.389999389648438,20.68000030517578,20.110000610351562,20.68000030517578,9267000
2023-12-13,6.900149345397949,21.260000228881836,21.30500030517578,20.469999313354492,20.510000228881836,17117400
2023-12-14,6.893658638000488,21.239999771118164,21.520000457763672,20.90999984741211,21.059999465942383,13838000
2023-12-15,6.780060768127441,20.889999389648438,20.920000076293945,20.600000381469727,20.8700008392334,10281600
2023-12-18,6.73462438583374,20.75,20.788000106811523,20.334999084472656,20.530000686645508,9748100
2023-12-19,6.7735700607299805,20.8700008392334,21.1299991607666,20.6299991607666,21.100000381469727,15240600
2023-12-20,6.985051155090332,21.3700008392334,21.825000762939453,21.260000228881836,21.670000076293945,19795200
2023-12-21,7.021003246307373,21.479999542236328,21.584999084472656,21.284000396728516,21.549999237060547,12970800
2023-12-22,7.007932186126709,21.440000534057617,21.6299991607666,21.270000457763672,21.270000457763672,10634400
2023-12-26,6.74970817565918,20.649999618530273,20.920000076293945,20.389999389648438,20.899999618530273,16317700
2023-12-27,6.965439319610596,21.309999465942383,21.3799991607666,20.985000610351562,21.030000686645508,26937900
2023-12-28,6.805276393890381,20.81999969482422,20.989999771118164,20.68000030517578,20.969999313354492,17059300
2023-12-29,6.69741153717041,20.489999771118164,21.100000381469727,20.219999313354492,20.959999084472656,29176400
2024-01-02,7.155020713806152,21.889999389648438,22.510000228881836,21.850000381469727,22.450000762939453,20878600
2024-01-03,6.798739433288574,20.799999237060547,21.204999923706055,20.459999084472656,20.459999084472656,33315500
2024-01-04,7.034080505371094,21.520000457763672,21.860000610351562,21.030000686645508,21.079999923706055,23038500
2024-01-05,6.998126983642578,21.40999984741211,21.625,20.950000762939453,21.299999237060547,23948100
2024-01-08,7.468808174133301,22.850000381469727,23.04800033569336,21.75,21.90999984741211,35638400
2024-01-09,7.426314830780029,22.719999313354492,22.889999389648438,22.56800079345703,22.739999771118164,22852700
2024-01-10,7.308645248413086,22.360000610351562,22.700000762939453,21.670000076293945,21.989999771118164,61860100
2024-01-11,7.298839092254639,22.329999923706055,23.829999923706055,21.989999771118164,23.149999618530273,88598800
2024-01-12,6.883723735809326,21.059999465942383,22.155000686645508,20.780000686645508,22.110000610351562,46108700
2024-01-16,6.834693431854248,20.90999984741211,20.989999771118164,20.280000686645508,20.670000076293945,24901100
2024-01-17,6.759515762329102,20.68000030517578,20.770000457763672,20.3799991607666,20.530000686645508,17551800
2024-01-18,6.445727348327637,19.719999313354492,20.719999313354492,19.59000015258789,20.545000076293945,25175200
2024-01-19,6.5666680335998535,20.09000015258789,20.344999313354492,19.454999923706055,19.81999969482422,19477800
2024-01-22,6.337862968444824,19.389999389648438,19.709999084472656,19.0,19.56999969482422,26299600
2024-01-23,6.184238433837891,18.920000076293945,19.149999618530273,18.610000610351562,18.729999542236328,18044800
2024-01-24,6.246342182159424,19.110000610351562,19.420000076293945,19.059999465942383,19.309999465942383,14753200
2024-01-25,6.282296657562256,19.219999313354492,19.3700008392334,19.09000015258789,19.309999465942383,13602700
2024-01-26,6.635307312011719,20.299999237060547,20.399999618530273,19.825000762939453,19.8700008392334,18257500
2024-01-29,6.811812877655029,20.84000015258789,20.915000915527344,20.15999984741211,20.239999771118164,14373200
2024-01-30,6.870649337768555,21.020000457763672,21.100000381469727,20.8700008392334,20.920000076293945,16522500
2024-01-31,6.707218170166016,20.520000457763672,21.139999389648438,20.489999771118164,20.600000381469727,18090600
2024-02-01,6.782393455505371,20.389999389648438,20.53499984741211,20.06999969482422,20.100000381469727,14717100
2024-02-02,6.7690887451171875,20.350000381469727,20.6200008392334,20.238000869750977,20.239999771118164,8942000
2024-02-05,6.66929817199707,20.049999237060547,20.56999969482422,20.024999618530273,20.540000915527344,7201000
2024-02-06,6.792372703552246,20.420000076293945,20.575000762939453,20.290000915527344,20.329999923706055,6601900
2024-02-07,6.968667507171631,20.950000762939453,21.020000457763672,20.325000762939453,20.43000030517578,9838700
2024-02-08,7.178226947784424,21.579999923706055,21.75,21.274999618530273,21.350000381469727,12545400
2024-02-09,7.497555255889893,22.540000915527344,22.8799991607666,22.200000762939453,22.290000915527344,20880200
2024-02-12,7.923325061798096,23.81999969482422,23.90999984741211,22.84000015258789,22.860000610351562,18818700
2024-02-13,7.793598651885986,23.43000030517578,23.479999542236328,22.950000762939453,23.239999771118164,15529000
2024-02-14,8.169473648071289,24.559999465942383,24.729999542236328,24.31399917602539,24.530000686645508,16483000
2024-02-15,8.169473648071289,24.559999465942383,25.110000610351562,24.479999542236328,24.889999389648438,17783700
2024-02-16,8.186104774475098,24.610000610351562,24.915000915527344,24.489999771118164,24.809999465942383,13231400
2024-02-20,8.202737808227539,24.65999984741211,24.84000015258789,24.049999237060547,24.799999237060547,13097100
2024-02-21,8.016464233398438,24.100000381469727,24.34600067138672,23.975000381469727,24.1200008392334,9819800
2024-02-22,8.182777404785156,24.600000381469727,24.665000915527344,24.1299991607666,24.170000076293945,11399900
2024-02-23,8.033095359802246,24.149999618530273,24.270000457763672,23.924999237060547,24.190000534057617,9199800
2024-02-26,8.581939697265625,25.799999237060547,26.020000457763672,24.290000915527344,24.290000915527344,24040300
2024-02-27,8.957815170288086,26.93000030517578,27.229999542236328,26.579999923706055,26.8700008392334,23197800
2024-02-28,9.463418006896973,28.450000762939453,30.31999969482422,28.0,28.420000076293945,72413900
2024-02-29,9.722870826721191,29.229999542236328,30.03499984741211,28.459999084472656,29.889999389648438,40650100
2024-03-01,9.892059326171875,29.0,29.170000076293945,28.139999389648438,28.719999313354492,27956600
2024-03-04,10.622026443481445,31.139999389648438,31.34000015258789,30.040000915527344,30.040000915527344,40152400
2024-03-05,9.70786190032959,28.459999084472656,31.97800064086914,27.440000534057617,31.100000381469727,84052700
2024-03-06,10.51628303527832,30.829999923706055,31.079999923706055,30.020000457763672,30.65999984741211,23411600
2024-03-07,10.61179256439209,31.110000610351562,31.364999771118164,30.65999984741211,31.010000228881836,18464400
2024-03-08,10.84715461730957,31.799999237060547,32.40999984741211,30.450000762939453,31.389999389648438,45556700
2024-03-11,11.314472198486328,33.16999816894531,33.529998779296875,32.75,33.29999923706055,24019400
2024-03-12,11.184850692749023,32.790000915527344,33.63999938964844,31.540000915527344,33.220001220703125,34999700
2024-03-13,11.478200912475586,33.650001525878906,33.790000915527344,32.959999084472656,33.40999984741211,17407900
2024-03-14,10.836920738220215,31.770000457763672,33.404998779296875,31.389999389648438,33.310001373291016,42225300
2024-03-15,10.80622386932373,31.68000030517578,32.380001068115234,30.920000076293945,31.110000610351562,28884900
2024-03-18,10.444650650024414,30.6200008392334,31.43000030517578,30.489999771118164,31.15999984741211,21446900
2024-03-19,10.03532600402832,29.420000076293945,30.149999618530273,28.485000610351562,29.18000030517578,24851900
2024-03-20,10.2706880569458,30.110000610351562,30.2549991607666,28.40999984741211,29.030000686645508,23632200
2024-03-21,10.164945602416992,29.799999237060547,30.979999542236328,29.655000686645508,30.950000762939453,20993500
2024-03-22,9.946636199951172,29.15999984741211,29.3799991607666,28.6200008392334,29.309999465942383,14975300
2024-03-25,11.079107284545898,32.47999954223633,32.540000915527344,30.59000015258789,30.600000381469727,19166000
2024-03-26,10.81645393371582,31.709999084472656,32.43000030517578,31.649999618530273,32.25,14632200
2024-03-27,10.662959098815918,31.260000228881836,32.7599983215332,31.149999618530273,32.720001220703125,24538300
2024-03-28,11.017709732055664,32.29999923706055,32.75,32.150001525878906,32.5,16802000
2024-04-01,10.83558177947998,30.639999389648438,30.829999923706055,29.8700008392334,30.75,13986500
2024-04-02,10.22378158569336,28.90999984741211,29.110000610351562,28.299999237060547,28.43000030517578,16507300
2024-04-03,10.216710090637207,28.889999389648438,29.395000457763672,28.780000686645508,28.84000015258789,8646400
2024-04-04,10.619861602783203,30.030000686645508,30.459999084472656,29.469999313354492,29.530000686645508,12002100
2024-04-05,10.435968399047852,29.510000228881836,30.110000610351562,29.309999465942383,29.309999465942383,11778700
2024-04-08,11.136177062988281,31.489999771118164,31.729999542236328,31.239999771118164,31.70199966430664,11915100
2024-04-09,10.687051773071289,30.219999313354492,31.1299991607666,29.889999389648438,30.959999084472656,10678800
2024-04-10,10.856801986694336,30.700000762939453,30.719999313354492,29.530000686645508,29.6200008392334,17122700
2024-04-11,10.92752742767334,30.899999618530273,31.104999542236328,30.454999923706055,31.059999465942383,10287300
2024-04-12,10.354631423950195,29.280000686645508,30.829999923706055,28.549999237060547,30.739999771118164,24996300
2024-04-15,9.788804054260254,27.68000030517578,29.165000915527344,27.280000686645508,29.031999588012695,14721800
2024-04-16,9.711002349853516,27.459999084472656,27.760000228881836,27.010000228881836,27.68000030517578,10160000
2024-04-17,9.421016693115234,26.639999389648438,27.559999465942383,26.059999465942383,27.270000457763672,14154800
2024-04-18,9.82063102722168,27.770000457763672,28.084999084472656,27.049999237060547,27.34000015258789,9383100
2024-04-19,9.937333106994629,28.100000381469727,28.489999771118164,27.760000228881836,28.299999237060547,10397400
2024-04-22,10.266219139099121,29.030000686645508,29.219999313354492,28.68000030517578,28.84000015258789,9818200
2024-04-23,10.259146690368652,29.010000228881836,29.34000015258789,28.850000381469727,28.899999618530273,5901400
2024-04-24,9.848922729492188,27.850000381469727,28.93000030517578,27.760000228881836,28.780000686645508,9897900
2024-04-25,9.979768753051758,28.219999313354492,28.280000686645508,27.360000610351562,27.520000457763672,7936000
2024-04-26,9.795875549316406,27.700000762939453,28.249000549316406,27.540000915527344,27.770000457763672,7664400
2024-04-29,9.693319320678711,27.40999984741211,27.520000457763672,26.809999465942383,27.190000534057617,5918800
2024-04-30,9.0567626953125,25.610000610351562,26.739999771118164,25.579999923706055,26.540000915527344,13204900
2024-05-01,8.727861404418945,23.059999465942383,24.139999389648438,22.940000534057617,23.40999984741211,20276100
2024-05-02,9.132840156555176,24.1299991607666,24.229999542236328,23.649999618530273,23.850000381469727,7672900
2024-05-03,9.545390129089355,25.219999313354492,25.309999465942383,24.860000610351562,24.8799991607666,8522100
2024-05-06,9.711921691894531,25.65999984741211,26.110000610351562,25.46500015258789,25.809999465942383,7638100
2024-05-07,9.69299602508545,25.610000610351562,26.15999984741211,25.520000457763672,25.860000610351562,5992900
2024-05-08,9.545390129089355,25.219999313354492,25.520000457763672,25.059999465942383,25.15999984741211,5703500
2024-05-09,9.598377227783203,25.360000610351562,25.4950008392334,24.690000534057617,24.8700008392334,7056200
2024-05-10,9.3258695602417,24.639999389648438,25.64699935913086,24.420000076293945,25.5,10976400
2024-05-13,9.719491958618164,25.68000030517578,25.799999237060547,25.40999984741211,25.540000915527344,5842500
2024-05-14,9.45455265045166,24.979999542236328,25.299999237060547,24.799999237060547,25.15999984741211,4944300
2024-05-15,10.15853500366211,26.84000015258789,27.02899932861328,25.989999771118164,26.110000610351562,14411500
2024-05-16,10.026065826416016,26.489999771118164,27.0,26.239999771118164,26.84000015258789,6815800
2024-05-17,10.302356719970703,27.219999313354492,27.450000762939453,26.719999313354492,26.940000534057617,9684700
2024-05-20,10.775464057922363,28.469999313354492,28.520000457763672,27.09000015258789,27.200000762939453,9396700
2024-05-21,10.639209747314453,28.110000610351562,28.96500015258789,28.075000762939453,28.84000015258789,7868900
2024-05-22,10.699767112731934,28.270000457763672,28.719999313354492,28.09000015258789,28.31999969482422,6222100
2024-05-23,10.294788360595703,27.200000762939453,28.170000076293945,27.040000915527344,28.110000610351562,7309300
2024-05-24,10.624069213867188,28.06999969482422,28.149999618530273,27.15999984741211,27.3799991607666,5637800
2024-05-28,10.487815856933594,27.709999084472656,27.78499984741211,27.229999542236328,27.719999313354492,4803400
2024-05-29,10.306143760681152,27.229999542236328,27.530000686645508,27.174999237060547,27.479000091552734,3841900
2024-05-30,10.548375129699707,27.8700008392334,28.209999084472656,27.56999969482422,27.649999618530273,7507300
2024-05-31,10.325069427490234,27.280000686645508,27.860000610351562,26.889999389648438,27.799999237060547,10617900
2024-06-03,10.587322235107422,26.15999984741211,26.639999389648438,25.9950008392334,26.440000534057617,9669700
2024-06-04,10.79372787475586,26.670000076293945,26.94499969482422,26.170000076293945,26.260000228881836,7516300
2024-06-05,10.915141105651855,26.969999313354492,27.209999084472656,26.610000610351562,26.90999984741211,6188200
2024-06-06,10.781585693359375,26.639999389648438,27.145000457763672,26.6299991607666,26.90999984741211,4764000
2024-06-07,10.587322235107422,26.15999984741211,27.15999984741211,25.790000915527344,27.040000915527344,8724100
2024-06-10,10.615653038024902,26.229999542236328,26.540000915527344,26.110000610351562,26.149999618530273,4939400
2024-06-11,10.291879653930664,25.43000030517578,25.540000915527344,24.93000030517578,25.34000015258789,6791000
2024-06-12,10.316163063049316,25.489999771118164,26.469999313354492,25.360000610351562,26.15999984741211,8419700
2024-06-13,10.170464515686035,25.1299991607666,25.799999237060547,24.950000762939453,25.700000762939453,7856000
2024-06-14,9.992392539978027,24.690000534057617,25.43000030517578,24.520000457763672,25.400999069213867,7119500
2024-06-17,10.182608604431152,25.15999984741211,25.39699935913086,24.510000228881836,24.760000228881836,6331000
2024-06-18,9.802175521850586,24.219999313354492,24.625,24.110000610351562,24.43000030517578,6669300
2024-06-20,9.907403945922852,24.479999542236328,24.68899917602539,24.295000076293945,24.610000610351562,6318600
2024-06-21,9.794081687927246,24.200000762939453,24.25,23.850000381469727,23.950000762939453,6004200
2024-06-24,9.012983322143555,22.270000457763672,23.219999313354492,22.18000030517578,23.030000686645508,16587800
2024-06-25,9.437933921813965,23.31999969482422,23.4950008392334,22.940000534057617,23.06999969482422,12901100
2024-06-26,9.280095100402832,22.93000030517578,23.31999969482422,22.81999969482422,23.15999984741211,5496800
2024-06-27,9.344847679138184,23.09000015258789,23.485000610351562,23.059999465942383,23.179000854492188,5218300
2024-06-28,9.110116004943848,22.510000228881836,23.2450008392334,22.479999542236328,23.09000015258789,10778500
2024-07-01,9.605801582336426,22.149999618530273,22.40999984741211,21.90999984741211,22.100000381469727,12910800
2024-07-02,9.406312942504883,21.690000534057617,22.1299991607666,21.6200008392334,22.030000686645508,5981600
2024-07-03,9.176465034484863,21.15999984741211,21.329999923706055,20.959999084472656,21.09000015258789,4561700
2024-07-05,8.569327354431152,19.760000228881836,19.9950008392334,19.385000228881836,19.454999923706055,19552100
2024-07-08,8.573665618896484,19.770000457763672,20.1200008392334,19.260000228881836,20.059999465942383,13741800
2024-07-09,8.794836044311523,20.280000686645508,20.440000534057617,19.959999084472656,20.049999237060547,8911700
2024-07-10,8.71243953704834,20.09000015258789,20.334999084472656,20.079999923706055,20.329999923706055,7173600
2024-07-11,8.71243953704834,20.09000015258789,20.674999237060547,20.024999618530273,20.600000381469727,7814900
2024-07-12,8.768818855285645,20.219999313354492,20.524999618530273,20.145000457763672,20.18000030517578,8204500
2024-07-15,9.63182258605957,22.209999084472656,22.40999984741211,21.889999389648438,22.020000457763672,13611400
2024-07-16,9.909368515014648,22.850000381469727,22.864999771118164,22.09000015258789,22.389999389648438,10319900
2024-07-17,9.809626579284668,22.6200008392334,22.915000915527344,22.350000381469727,22.700000762939453,7465800
2024-07-18,9.636157989501953,22.219999313354492,22.760000228881836,22.1200008392334,22.700000762939453,7094200
2024-07-19,10.208602905273438,23.540000915527344,23.649999618530273,22.440000534057617,22.450000762939453,11495400
2024-07-22,10.356050491333008,23.8799991607666,23.885000228881836,23.280000686645508,23.649999618530273,6905700
2024-07-23,9.939724922180176,22.920000076293945,23.559999465942383,22.8799991607666,23.290000915527344,9498000
2024-07-24,9.957073211669922,22.959999084472656,23.489999771118164,22.920000076293945,23.34000015258789,6301600
2024-07-25,9.787940979003906,22.56999969482422,22.770000457763672,22.1299991607666,22.469999313354492,6464400
2024-07-26,10.304008483886719,23.760000228881836,23.84000015258789,23.360000610351562,23.56999969482422,6837200
2024-07-29,10.160898208618164,23.43000030517578,24.360000610351562,23.165000915527344,24.350000381469727,11833800
2024-07-30,9.952735900878906,22.950000762939453,23.329999923706055,22.809999465942383,23.200000762939453,6819200
2024-07-31,9.839983940124512,22.690000534057617,23.28499984741211,22.608999252319336,23.100000381469727,8494300
2024-08-01,9.546771049499512,20.610000610351562,21.170000076293945,20.264999389648438,21.040000915527344,9110800
2024-08-02,9.426336288452148,20.350000381469727,21.3700008392334,20.309999465942383,21.1200008392334,12462600
2024-08-05,8.064496040344238,17.40999984741211,18.09000015258789,16.149999618530273,16.18000030517578,24236000
2024-08-06,8.5693941116333,18.5,18.600000381469727,17.709999084472656,17.950000762939453,10242000
2024-08-07,8.245148658752441,17.799999237060547,18.729999542236328,17.795000076293945,18.639999389648438,11338200
2024-08-08,8.986284255981445,19.399999618530273,19.524999618530273,18.469999313354492,18.829999923706055,11706600
2024-08-09,9.17156982421875,19.799999237060547,19.899999618530273,19.389999389648438,19.655000686645508,9686700
2024-08-12,8.893644332885742,19.200000762939453,19.770000457763672,18.829999923706055,19.3700008392334,10249100
2024-08-13,9.17156982421875,19.799999237060547,20.059999465942383,19.150999069213867,19.15999984741211,5557400
2024-08-14,8.865850448608398,19.139999389648438,19.829999923706055,19.094999313354492,19.760000228881836,5277500
2024-08-15,8.597188949584961,18.559999465942383,19.479999542236328,18.440000534057617,19.229999542236328,8251000
2024-08-16,9.009445190429688,19.450000762939453,19.5,18.770000457763672,19.06999969482422,5604900
2024-08-19,8.893644332885742,19.200000762939453,19.29599952697754,18.89299964904785,19.100000381469727,4837800
2024-08-20,8.963127136230469,19.350000381469727,19.844999313354492,19.040000915527344,19.68000030517578,7658100
2024-08-21,9.278108596801758,20.030000686645508,20.049999237060547,19.149999618530273,19.350000381469727,6895000
2024-08-22,9.078926086425781,19.600000381469727,19.81999969482422,19.530000686645508,19.770000457763672,4497600
2024-08-23,9.583827018737793,20.690000534057617,20.768999099731445,19.75,19.850000381469727,11118100
2024-08-26,9.532876014709473,20.579999923706055,20.770000457763672,20.479999542236328,20.75,5369900
2024-08-27,9.342955589294434,20.170000076293945,20.270000457763672,19.93000030517578,20.25,6388800
2024-08-28,8.847321510314941,19.100000381469727,19.479999542236328,18.770000457763672,19.40999984741211,10751500
2024-08-29,8.898274421691895,19.209999084472656,19.84000015258789,19.09000015258789,19.540000915527344,9660200
2024-08-30,8.80100154876709,19.0,19.40999984741211,18.700000762939453,19.299999237060547,8959200
2024-09-03,8.701567649841309,17.59000015258789,17.940000534057617,17.40999984741211,17.940000534057617,9803200
2024-09-04,8.716410636901855,17.6200008392334,17.760000228881836,17.0,17.110000610351562,7811900
2024-09-05,8.394862174987793,16.969999313354492,17.360000610351562,16.889999389648438,17.149999618530273,8055700
2024-09-06,8.009005546569824,16.190000534057617,17.25,16.110000610351562,17.209999084472656,10673700
2024-09-09,8.577895164489746,17.34000015258789,17.3700008392334,16.6200008392334,16.81999969482422,9166400
2024-09-10,8.701567649841309,17.59000015258789,17.606000900268555,17.1299991607666,17.270000457763672,5701900
2024-09-11,8.642207145690918,17.469999313354492,17.600000381469727,16.81999969482422,17.219999313354492,7489800
2024-09-12,8.755985260009766,17.700000762939453,17.770000457763672,17.3700008392334,17.489999771118164,6228200
2024-09-13,8.96375560760498,18.1200008392334,18.21500015258789,17.485000610351562,17.5,8726400
2024-09-16,8.681780815124512,17.549999237060547,17.7450008392334,17.40999984741211,17.729999542236328,6066400
2024-09-17,8.993433952331543,18.18000030517578,18.6200008392334,17.860000610351562,17.969999313354492,10714200
2024-09-18,8.998383522033691,18.190000534057617,18.59000015258789,17.93000030517578,18.139999389648438,8646600
2024-09-19,9.48317813873291,19.170000076293945,19.3700008392334,18.989999771118164,19.170000076293945,8260500
2024-09-20,9.418867111206055,19.040000915527344,19.260000228881836,18.898000717163086,19.059999465942383,5758700
2024-09-23,9.488123893737793,19.18000030517578,19.334999084472656,19.09000015258789,19.18000030517578,4845600
2024-09-24,9.64642333984375,19.5,19.520000457763672,18.979999542236328,19.229999542236328,6002100
2024-09-25,9.46338939666748,19.1299991607666,19.389999389648438,19.059999465942383,19.239999771118164,4234400
2024-09-26,9.700839042663574,19.610000610351562,19.959999084472656,19.43000030517578,19.510000228881836,8027500
2024-09-27,9.834403991699219,19.8799991607666,20.18000030517578,19.795000076293945,19.8799991607666,11135500
2024-09-30,9.493070602416992,19.190000534057617,19.389999389648438,19.049999237060547,19.34000015258789,7937500
2024-10-01,9.226095199584961,17.59000015258789,18.09000015258789,17.3799991607666,18.059999465942383,11245200
2024-10-02,8.990066528320312,17.139999389648438,17.790000915527344,17.100000381469727,17.34000015258789,7711100
2024-10-03,9.115948677062988,17.3799991607666,17.399999618530273,17.059999465942383,17.229999542236328,6171100
2024-10-04,9.320507049560547,17.770000457763672,17.81599998474121,17.299999237060547,17.520000457763672,5808800
2024-10-07,9.456880569458008,18.030000686645508,18.389999389648438,17.860000610351562,17.969999313354492,6430700
2024-10-08,9.294281959533691,17.719999313354492,18.020000457763672,17.594999313354492,17.81999969482422,6843100
2024-10-09,9.100213050842285,17.350000381469727,17.770000457763672,17.28499984741211,17.610000610351562,5583900
2024-10-10,8.911392211914062,16.989999771118164,17.389999389648438,16.735000610351562,17.3799991607666,8612900
2024-10-11,9.43065357208252,17.979999542236328,18.075000762939453,17.479999542236328,17.479999542236328,8007200
2024-10-14,9.845015525817871,18.770000457763672,18.899999618530273,18.40999984741211,18.440000534057617,9677500
2024-10-15,10.007613182067871,19.079999923706055,19.3799991607666,18.452999114990234,18.770000457763672,11406900
2024-10-16,10.107269287109375,19.270000457763672,19.469999313354492,19.1200008392334,19.350000381469727,6649900
2024-10-17,9.970897674560547,19.010000228881836,19.270000457763672,18.959999084472656,19.06999969482422,6041500
2024-10-18,10.238395690917969,19.520000457763672,19.665000915527344,19.270000457763672,19.290000915527344,10171100
2024-10-21,10.107269287109375,19.270000457763672,19.31999969482422,18.989999771118164,19.31999969482422,8824200
2024-10-22,10.0653076171875,19.190000534057617,19.25,18.93000030517578,19.09000015258789,6108100
2024-10-23,9.897466659545898,18.8700008392334,19.020000457763672,18.520000457763672,18.90999984741211,9757100
2024-10-24,10.175454139709473,19.399999618530273,19.415000915527344,19.118999481201172,19.190000534057617,8008600
2024-10-25,9.944671630859375,18.959999084472656,19.576000213623047,18.709999084472656,19.329999923706055,15190400
2024-10-28,10.380013465881348,19.790000915527344,19.889999389648438,19.440000534057617,19.600000381469727,12549900
2024-10-29,10.825845718383789,20.639999389648438,20.979999542236328,20.170000076293945,20.260000228881836,17098600
2024-10-30,10.731432914733887,20.459999084472656,20.639999389648438,20.31999969482422,20.450000762939453,11475900
2024-10-31,10.427217483520508,19.8799991607666,20.489999771118164,19.84000015258789,20.479999542236328,11742000
2024-11-01,10.313484191894531,18.68000030517578,19.350000381469727,18.545000076293945,18.90999984741211,14770500
2024-11-04,10.004301071166992,18.1200008392334,18.530000686645508,18.09000015258789,18.459999084472656,11505500
2024-11-05,10.341089248657227,18.729999542236328,19.010000228881836,18.530000686645508,18.68000030517578,12813300
2024-11-06,11.34041690826416,20.540000915527344,20.655000686645508,19.829999923706055,20.049999237060547,23669800
2024-11-07,11.412192344665527,20.670000076293945,20.770000457763672,20.1200008392334,20.239999771118164,12460000
2024-11-08,11.428755760192871,20.700000762939453,20.8799991607666,20.422000885009766,20.56999969482422,10982500
2024-11-11,12.980194091796875,23.510000228881836,23.625,22.040000915527344,22.09000015258789,30678900
2024-11-12,13.355632781982422,24.190000534057617,24.28499984741211,23.010000228881836,23.260000228881836,23886500
2024-11-13,13.355632781982422,24.190000534057617,25.229999542236328,24.09000015258789,24.25,24749200
2024-11-14,13.018839836120605,23.579999923706055,24.75,23.551000595092773,24.59000015258789,16020000
2024-11-15,13.61512279510498,24.65999984741211,24.68000030517578,23.635000228881836,24.049999237060547,13371400
2024-11-18,13.620647430419922,24.670000076293945,24.989999771118164,24.149999618530273,24.34000015258789,16977100
2024-11-19,13.775237083435059,24.950000762939453,25.399999618530273,24.56999969482422,24.690000534057617,19092200
2024-11-20,14.034730911254883,25.420000076293945,25.6200008392334,25.110000610351562,25.489999771118164,15902600
2024-11-21,14.592364311218262,26.43000030517578,26.704999923706055,25.719999313354492,26.200000762939453,20992500
2024-11-22,14.735917091369629,26.690000534057617,26.860000610351562,26.1200008392334,26.280000686645508,14760000
2024-11-25,14.067855834960938,25.479999542236328,26.209999084472656,25.351999282836914,26.18000030517578,12801800
2024-11-26,13.471572875976562,24.399999618530273,25.489999771118164,24.364999771118164,24.770000457763672,11759800
2024-11-27,14.349435806274414,25.989999771118164,26.184999465942383,25.350000381469727,25.440000534057617,11259500
2024-11-29,14.432251930236816,26.139999389648438,26.649999618530273,26.110000610351562,26.200000762939453,10483700
2024-12-02,14.177401542663574,24.700000762939453,25.200000762939453,24.360000610351562,24.780000686645508,12870900
2024-12-03,14.160184860229492,24.670000076293945,24.881000518798828,24.139999389648438,24.290000915527344,6279500
2024-12-04,14.665287971496582,25.549999237060547,25.6299991607666,24.409000396728516,24.739999771118164,9010900
2024-12-05,14.630849838256836,25.489999771118164,26.777999877929688,25.19499969482422,26.549999237060547,17151700
2024-12-06,14.992457389831543,26.1200008392334,26.31999969482422,25.420000076293945,25.59000015258789,10001600
2024-12-09,14.183140754699707,24.709999084472656,25.889999389648438,24.709999084472656,25.510000228881836,10072000
2024-12-10,14.240538597106934,24.809999465942383,25.309999465942383,24.2549991607666,25.239999771118164,7720500
2024-12-11,14.97524356842041,26.09000015258789,26.19499969482422,25.350000381469727,25.389999389648438,9415100
2024-12-12,14.739907264709473,25.68000030517578,26.40999984741211,25.520000457763672,26.100000381469727,6421300
2024-12-13,14.97524356842041,26.09000015258789,26.25,25.639999389648438,25.84000015258789,6329900
2024-12-16,15.606621742248535,27.190000534057617,27.75,26.770000457763672,26.81999969482422,11282000
2024-12-17,15.738638877868652,27.420000076293945,27.8799991607666,27.170000076293945,27.729999542236328,7843400
2024-12-18,14.808783531188965,25.799999237060547,26.979999542236328,25.68000030517578,26.860000610351562,12002000
2024-12-19,14.188881874084473,24.719999313354492,26.415000915527344,24.510000228881836,26.290000915527344,14276200
2024-12-20,14.188881874084473,24.719999313354492,25.114999771118164,24.350000381469727,24.40999984741211,12078000
2024-12-23,13.667776107788086,22.739999771118164,23.399999618530273,22.575000762939453,23.360000610351562,12744000
2024-12-24,14.575353622436523,24.25,24.309999465942383,23.6200008392334,23.709999084472656,8575500
2024-12-26,14.022394180297852,23.329999923706055,23.6200008392334,23.239999771118164,23.3700008392334,6901600
2024-12-27,13.86011028289795,23.059999465942383,23.540000915527344,22.739999771118164,23.540000915527344,11061200
2024-12-30,13.81804084777832,22.989999771118164,23.1299991607666,22.190000534057617,22.6200008392334,9958000
2024-12-31,13.691816329956055,22.780000686645508,23.469999313354492,22.709999084472656,23.350000381469727,6930500
